score,test,statistic,p,n_groups,levene_p
fkre,kruskal,17.45014245014245,0.04211607682164165,10,0.42890549026983527
fkgl,kruskal,15.672364672364694,0.07404679860201986,10,0.03462038703743735
gfi,kruskal,14.713675213675216,0.09910708399153106,10,0.140275418960551
smog,kruskal,14.157974236206114,0.11681570085268866,10,0.2593399091021975
cli,kruskal,17.179487179487168,0.045978301990054406,10,0.22828056209385258
ari,kruskal,14.599008207934347,0.10255595511476667,10,0.021109644256521627
