score,n,mean,sd,median
fkre,26,50.66076923076923,12.059624844273364,53.965
fkgl,26,10.536153846153846,2.451432359944817,10.315
gfi,26,13.711538461538462,2.605066897118294,13.09
smog,26,13.131538461538462,1.814589082536743,12.725
cli,26,11.505384615384612,1.9336912489210492,11.23
ari,26,11.40846153846154,2.8841632302041336,10.98
