score,test,statistic,p,n_groups,levene_p
fkre,kruskal,0.018233618233622906,0.9909246229823122,3,0.6723989245259869
fkgl,anova,0.06338823023448692,0.9387424007998919,3,0.3429953885828402
gfi,anova,0.25356408701671135,0.7781709207235666,3,0.20905581419405897
smog,anova,0.24093047657834146,0.7878548728102168,3,0.23910088024892612
cli,kruskal,3.056410256410274,0.21692467007846453,3,0.8331915345861126
ari,anova,0.7026678662424475,0.5055860359600896,3,0.357978945133769
