score,test,statistic,p,n_groups,levene_p
fkre,kruskal,0.34285714285714164,0.8424604416167719,3,0.7161535604839459
fkgl,anova,0.42116164117586374,0.6625863558921051,3,0.5762985666092516
gfi,anova,0.8584693524734599,0.44045056252117526,3,0.2815876113220038
smog,kruskal,1.5337662337662437,0.4644584773420698,3,0.3748343262207923
cli,kruskal,2.55649350649351,0.2785251960231793,3,0.7267427507342026
ari,kruskal,2.3269980506822594,0.3123912015889201,3,0.4684666807172647
