score,n,mean,sd,median
fkre,21,49.8195238095238,12.7556726503115,53.52
fkgl,21,10.74047619047619,2.526927929701352,10.36
gfi,21,13.922857142857143,2.687298165178443,13.18
smog,21,13.285714285714286,1.879166228486909,12.77
cli,21,11.639047619047618,2.1031331502353927,11.25
ari,21,11.636666666666665,3.0335825904915357,10.98
