,accuracy_1_5,accuracy_1_5,accuracy_1_5,completeness_1_5,completeness_1_5,completeness_1_5,added_errors_1_5,added_errors_1_5,added_errors_1_5
,mean,std,count,mean,std,count,mean,std,count
model_id,,,,,,,,,
claude,4.771428571428571,0.42604296149803583,35,4.942857142857143,0.23550410797680282,35,1.1428571428571428,0.42996970774675736,35
openai,4.828571428571428,0.7065123239304084,35,4.828571428571428,0.7065123239304084,35,1.1428571428571428,0.5500190982169267,35
gemini,4.848484848484849,0.36410954062720957,33,4.696969696969697,0.9837698055454998,33,1.0606060606060606,0.24230584229877994,33
